{
    "total_layers": 180,
    "leaf_layers": 134,
    "max_depth": 5,
    "total_params": 31901614,
    "trainable_params": 31901614,
    "frozen_params": 0,
    "flops": 46970880,
    "model_size_mb": 121.69499969482422,
    "buffer_size_mb": 0.057220458984375,
    "total_memory_mb": 121.7522201538086,
    "dropout_count": 24,
    "has_attention": 0,
    "has_residual_connections": 0,
    "is_resnet_like": 0,
    "is_vgg_like": 0,
    "is_inception_like": 0,
    "is_densenet_like": 0,
    "is_unet_like": 0,
    "is_transformer_like": 1,
    "is_mobilenet_like": 0,
    "is_efficientnet_like": 0,
    "code_length": 17944,
    "num_classes_defined": 7,
    "num_functions_defined": 25,
    "uses_sequential": 1,
    "uses_modulelist": 0,
    "uses_moduledict": 0,
    "meta": {
        "conv_info": {
            "count": 1,
            "kernel_sizes": [
                4
            ],
            "strides": [
                4
            ],
            "padding_values": [
                0
            ],
            "avg_kernel_size": 4.0,
            "avg_stride": 4.0,
            "total_conv_params": 4704
        },
        "linear_info": {
            "count": 52,
            "input_dims": [
                96,
                96,
                96,
                480,
                96,
                96,
                96,
                480,
                384,
                192,
                192,
                192,
                960,
                192,
                192,
                192,
                960,
                768,
                384,
                384,
                384,
                1920,
                384,
                384,
                384,
                1920,
                384,
                384,
                384,
                1920,
                384,
                384,
                384,
                1920,
                384,
                384,
                384,
                1920,
                384,
                384,
                384,
                1920,
                1536,
                768,
                768,
                768,
                3840,
                768,
                768,
                768,
                3840,
                768
            ],
            "output_dims": [
                288,
                96,
                480,
                96,
                288,
                96,
                480,
                96,
                192,
                576,
                192,
                960,
                192,
                576,
                192,
                960,
                192,
                384,
                1152,
                384,
                1920,
                384,
                1152,
                384,
                1920,
                384,
                1152,
                384,
                1920,
                384,
                1152,
                384,
                1920,
                384,
                1152,
                384,
                1920,
                384,
                1152,
                384,
                1920,
                384,
                768,
                2304,
                768,
                3840,
                768,
                2304,
                768,
                3840,
                768,
                100
            ],
            "total_linear_params": 31860964,
            "has_bias": [
                true,
                true,
                true,
                true,
                true,
                true,
                true,
                true,
                false,
                true,
                true,
                true,
                true,
                true,
                true,
                true,
                true,
                false,
                true,
                true,
                true,
                true,
                true,
                true,
                true,
                true,
                true,
                true,
                true,
                true,
                true,
                true,
                true,
                true,
                true,
                true,
                true,
                true,
                true,
                true,
                true,
                true,
                false,
                true,
                true,
                true,
                true,
                true,
                true,
                true,
                true,
                true
            ]
        },
        "dropout_rates": [
            0.01915647360830275,
            0.01915647360830275,
            0.01915647360830275,
            0.01915647360830275,
            0.01915647360830275,
            0.01915647360830275,
            0.01915647360830275,
            0.01915647360830275,
            0.01915647360830275,
            0.01915647360830275,
            0.01915647360830275,
            0.01915647360830275,
            0.01915647360830275,
            0.01915647360830275,
            0.01915647360830275,
            0.01915647360830275,
            0.01915647360830275,
            0.01915647360830275,
            0.01915647360830275,
            0.01915647360830275,
            0.01915647360830275,
            0.01915647360830275,
            0.01915647360830275,
            0.01915647360830275
        ],
        "layer_types": {
            "Conv2d": 1,
            "Permute": 2,
            "LayerNorm": 29,
            "Linear": 52,
            "StochasticDepth": 12,
            "GELU": 12,
            "Dropout": 24,
            "AdaptiveAvgPool2d": 1,
            "Flatten": 1,
            "count": {
                "activation": {
                    "GELU": 12
                },
                "normalization": {
                    "LayerNorm": 29
                },
                "pooling": {
                    "AdaptiveAvgPool2d": 1
                }
            }
        },
        "param_distribution": {
            "Conv2d": 4704,
            "LayerNorm": 24768,
            "Linear": 31860964
        }
    },
    "prm_id": "afcf464cfc83aab6e2a77dc9109ffe92"
}