{
    "total_layers": 90,
    "leaf_layers": 68,
    "max_depth": 6,
    "total_params": 47448554,
    "trainable_params": 47448554,
    "frozen_params": 0,
    "flops": 2340167680,
    "model_size_mb": 181.00186920166016,
    "buffer_size_mb": 16.002716064453125,
    "total_memory_mb": 197.00458526611328,
    "dropout_count": 19,
    "has_attention": 1,
    "has_residual_connections": 0,
    "is_resnet_like": 0,
    "is_vgg_like": 0,
    "is_inception_like": 0,
    "is_densenet_like": 0,
    "is_unet_like": 1,
    "is_transformer_like": 1,
    "is_mobilenet_like": 0,
    "is_efficientnet_like": 0,
    "code_length": 10471,
    "num_classes_defined": 5,
    "num_functions_defined": 17,
    "uses_sequential": 1,
    "uses_modulelist": 0,
    "uses_moduledict": 0,
    "meta": {
        "conv_info": {
            "count": 10,
            "kernel_sizes": [
                3,
                3,
                1,
                3,
                1,
                1,
                1,
                3,
                1,
                1
            ],
            "strides": [
                2,
                2,
                1,
                2,
                1,
                2,
                1,
                1,
                1,
                1
            ],
            "padding_values": [
                1,
                1,
                0,
                1,
                0,
                0,
                0,
                1,
                0,
                0
            ],
            "avg_kernel_size": 1.8,
            "avg_stride": 1.4,
            "total_conv_params": 412352
        },
        "linear_info": {
            "count": 18,
            "input_dims": [
                384,
                512,
                512,
                512,
                2048,
                512,
                512,
                512,
                2048,
                512,
                512,
                512,
                2048,
                512,
                512,
                512,
                2048,
                512
            ],
            "output_dims": [
                512,
                512,
                512,
                2048,
                512,
                512,
                512,
                2048,
                512,
                512,
                512,
                2048,
                512,
                512,
                512,
                2048,
                512,
                29290
            ],
            "total_linear_params": 25722986,
            "has_bias": [
                true,
                true,
                true,
                true,
                true,
                true,
                true,
                true,
                true,
                true,
                true,
                true,
                true,
                true,
                true,
                true,
                true,
                true
            ]
        },
        "dropout_rates": [
            0.282995122946829,
            0.282995122946829,
            0.282995122946829,
            0.282995122946829,
            0.282995122946829,
            0.282995122946829,
            0.282995122946829,
            0.282995122946829,
            0.282995122946829,
            0.282995122946829,
            0.282995122946829,
            0.282995122946829,
            0.282995122946829,
            0.282995122946829,
            0.282995122946829,
            0.282995122946829,
            0.282995122946829,
            0.282995122946829,
            0.282995122946829
        ],
        "layer_types": {
            "Conv2d": 10,
            "BatchNorm2d": 4,
            "SiLU": 2,
            "ReLU": 2,
            "Linear": 10,
            "Dropout": 19,
            "Embedding": 1,
            "NonDynamicallyQuantizableLinear": 8,
            "LayerNorm": 12,
            "count": {
                "activation": {
                    "ReLU": 2
                },
                "normalization": {
                    "BatchNorm2d": 4,
                    "LayerNorm": 12
                },
                "pooling": {}
            }
        },
        "param_distribution": {
            "Conv2d": 412352,
            "BatchNorm2d": 704,
            "Linear": 23621738,
            "Embedding": 14996480,
            "NonDynamicallyQuantizableLinear": 2101248,
            "LayerNorm": 12288
        }
    },
    "prm_id": "c982a71a3a7d3e9acc42ff4b2be28bf1"
}