{
    "total_layers": 78,
    "leaf_layers": 66,
    "max_depth": 3,
    "total_params": 5302904,
    "trainable_params": 5302904,
    "frozen_params": 0,
    "flops": 87500800,
    "model_size_mb": 20.228973388671875,
    "buffer_size_mb": 0.03582000732421875,
    "total_memory_mb": 20.264793395996094,
    "dropout_count": 10,
    "has_attention": 0,
    "has_residual_connections": 0,
    "is_resnet_like": 0,
    "is_vgg_like": 0,
    "is_inception_like": 0,
    "is_densenet_like": 0,
    "is_unet_like": 0,
    "is_transformer_like": 0,
    "is_mobilenet_like": 0,
    "is_efficientnet_like": 1,
    "code_length": 7542,
    "num_classes_defined": 4,
    "num_functions_defined": 13,
    "uses_sequential": 0,
    "uses_modulelist": 1,
    "uses_moduledict": 0,
    "meta": {
        "conv_info": {
            "count": 6,
            "kernel_sizes": [
                3,
                3,
                3,
                3,
                3,
                3
            ],
            "strides": [
                1,
                1,
                1,
                1,
                1,
                1
            ],
            "padding_values": [
                1,
                1,
                1,
                1,
                1,
                1
            ],
            "avg_kernel_size": 3.0,
            "avg_stride": 1.0,
            "total_conv_params": 287008
        },
        "linear_info": {
            "count": 26,
            "input_dims": [
                2048,
                256,
                256,
                2048,
                256,
                256,
                2048,
                256,
                256,
                2048,
                256,
                256,
                2048,
                256,
                256,
                2048,
                256,
                256,
                2048,
                256,
                256,
                2048,
                256,
                256,
                2048,
                128
            ],
            "output_dims": [
                256,
                256,
                10,
                256,
                256,
                10,
                256,
                256,
                10,
                256,
                256,
                10,
                256,
                256,
                10,
                256,
                256,
                10,
                256,
                256,
                10,
                256,
                256,
                10,
                128,
                8
            ],
            "total_linear_params": 5006552,
            "has_bias": [
                true,
                true,
                true,
                true,
                true,
                true,
                true,
                true,
                true,
                true,
                true,
                true,
                true,
                true,
                true,
                true,
                true,
                true,
                true,
                true,
                true,
                true,
                true,
                true,
                true,
                true
            ]
        },
        "dropout_rates": [
            0.25,
            0.1,
            0.1,
            0.1,
            0.1,
            0.1,
            0.1,
            0.1,
            0.1,
            0.1
        ],
        "layer_types": {
            "Conv2d": 6,
            "BatchNorm2d": 6,
            "MaxPool2d": 1,
            "Dropout2d": 1,
            "Linear": 26,
            "Dropout": 9,
            "BatchNorm1d": 17,
            "count": {
                "activation": {},
                "normalization": {
                    "BatchNorm2d": 6,
                    "BatchNorm1d": 17
                },
                "pooling": {
                    "MaxPool2d": 1
                }
            }
        },
        "param_distribution": {
            "Conv2d": 287008,
            "BatchNorm2d": 896,
            "Linear": 5006552,
            "BatchNorm1d": 8448
        }
    },
    "prm_id": "9d68d0f745f9c4b08cebcc7bbc0d800a"
}