{
    "total_layers": 234,
    "leaf_layers": 155,
    "max_depth": 8,
    "total_params": 108943370,
    "trainable_params": 108943370,
    "frozen_params": 0,
    "flops": 406324480,
    "model_size_mb": 415.58597564697266,
    "buffer_size_mb": 0.00830841064453125,
    "total_memory_mb": 415.5942840576172,
    "dropout_count": 37,
    "has_attention": 0,
    "has_residual_connections": 0,
    "is_resnet_like": 0,
    "is_vgg_like": 0,
    "is_inception_like": 0,
    "is_densenet_like": 0,
    "is_unet_like": 1,
    "is_transformer_like": 1,
    "is_mobilenet_like": 0,
    "is_efficientnet_like": 0,
    "code_length": 11765,
    "num_classes_defined": 4,
    "num_functions_defined": 9,
    "uses_sequential": 1,
    "uses_modulelist": 0,
    "uses_moduledict": 0,
    "meta": {
        "conv_info": {
            "count": 2,
            "kernel_sizes": [
                1,
                3
            ],
            "strides": [
                1,
                1
            ],
            "padding_values": [
                0,
                1
            ],
            "avg_kernel_size": 2.0,
            "avg_stride": 1.0,
            "total_conv_params": 50944
        },
        "linear_info": {
            "count": 73,
            "input_dims": [
                768,
                768,
                768,
                768,
                768,
                3072,
                768,
                768,
                768,
                768,
                768,
                3072,
                768,
                768,
                768,
                768,
                768,
                3072,
                768,
                768,
                768,
                768,
                768,
                3072,
                768,
                768,
                768,
                768,
                768,
                3072,
                768,
                768,
                768,
                768,
                768,
                3072,
                768,
                768,
                768,
                768,
                768,
                3072,
                768,
                768,
                768,
                768,
                768,
                3072,
                768,
                768,
                768,
                768,
                768,
                3072,
                768,
                768,
                768,
                768,
                768,
                3072,
                768,
                768,
                768,
                768,
                768,
                3072,
                768,
                768,
                768,
                768,
                768,
                3072,
                64
            ],
            "output_dims": [
                768,
                768,
                768,
                768,
                3072,
                768,
                768,
                768,
                768,
                768,
                3072,
                768,
                768,
                768,
                768,
                768,
                3072,
                768,
                768,
                768,
                768,
                768,
                3072,
                768,
                768,
                768,
                768,
                768,
                3072,
                768,
                768,
                768,
                768,
                768,
                3072,
                768,
                768,
                768,
                768,
                768,
                3072,
                768,
                768,
                768,
                768,
                768,
                3072,
                768,
                768,
                768,
                768,
                768,
                3072,
                768,
                768,
                768,
                768,
                768,
                3072,
                768,
                768,
                768,
                768,
                768,
                3072,
                768,
                768,
                768,
                768,
                768,
                3072,
                768,
                10
            ],
            "total_linear_params": 85018250,
            "has_bias": [
                true,
                true,
                true,
                true,
                true,
                true,
                true,
                true,
                true,
                true,
                true,
                true,
                true,
                true,
                true,
                true,
                true,
                true,
                true,
                true,
                true,
                true,
                true,
                true,
                true,
                true,
                true,
                true,
                true,
                true,
                true,
                true,
                true,
                true,
                true,
                true,
                true,
                true,
                true,
                true,
                true,
                true,
                true,
                true,
                true,
                true,
                true,
                true,
                true,
                true,
                true,
                true,
                true,
                true,
                true,
                true,
                true,
                true,
                true,
                true,
                true,
                true,
                true,
                true,
                true,
                true,
                true,
                true,
                true,
                true,
                true,
                true,
                true
            ]
        },
        "dropout_rates": [
            0.1,
            0.1,
            0.1,
            0.1,
            0.1,
            0.1,
            0.1,
            0.1,
            0.1,
            0.1,
            0.1,
            0.1,
            0.1,
            0.1,
            0.1,
            0.1,
            0.1,
            0.1,
            0.1,
            0.1,
            0.1,
            0.1,
            0.1,
            0.1,
            0.1,
            0.1,
            0.1,
            0.1,
            0.1,
            0.1,
            0.1,
            0.1,
            0.1,
            0.1,
            0.1,
            0.1,
            0.1
        ],
        "layer_types": {
            "Embedding": 3,
            "LayerNorm": 25,
            "Dropout": 37,
            "Linear": 73,
            "GELUActivation": 12,
            "Conv2d": 2,
            "BatchNorm2d": 1,
            "ReLU": 1,
            "AdaptiveAvgPool2d": 1,
            "count": {
                "activation": {
                    "ReLU": 1
                },
                "normalization": {
                    "LayerNorm": 25,
                    "BatchNorm2d": 1
                },
                "pooling": {
                    "AdaptiveAvgPool2d": 1
                }
            }
        },
        "param_distribution": {
            "Embedding": 23835648,
            "LayerNorm": 38400,
            "Linear": 85018250,
            "Conv2d": 50944,
            "BatchNorm2d": 128
        }
    },
    "prm_id": "268985784c034788d34ad31d0305cb7f"
}